Project_name,URL,stars,Stars
mkirchner/gc,https://github.com/mkirchner/gc,1006.0,
miao1007/Openwrt-NetKeeper,https://github.com/miao1007/Openwrt-NetKeeper,1007.0,
libusb/hidapi,https://github.com/libusb/hidapi,1009.0,
scottcgi/Mojoc,https://github.com/scottcgi/Mojoc,1012.0,
ninia/jep,https://github.com/ninia/jep,1017.0,
open5gs/open5gs,https://github.com/open5gs/open5gs,1021.0,
xiph/flac,https://github.com/xiph/flac,1029.0,
csound/csound,https://github.com/csound/csound,1030.0,
zeromq/czmq,https://github.com/zeromq/czmq,1033.0,
libssh2/libssh2,https://github.com/libssh2/libssh2,1033.0,
zpl-c/librg,https://github.com/zpl-c/librg,1034.0,
vurtun/lib,https://github.com/vurtun/lib,1035.0,
laruence/yaconf,https://github.com/laruence/yaconf,1037.0,
doonny/PipeCNN,https://github.com/doonny/PipeCNN,1037.0,
vergoh/vnstat,https://github.com/vergoh/vnstat,1039.0,
kuba--/zip,https://github.com/kuba--/zip,1040.0,
yitter/IdGenerator,https://github.com/yitter/IdGenerator,1043.0,
HVML/PurC,https://github.com/HVML/PurC,1050.0,
mupen64plus/mupen64plus-core,https://github.com/mupen64plus/mupen64plus-core,1052.0,
tj/mon,https://github.com/tj/mon,1053.0,
jkuhlmann/cgltf,https://github.com/jkuhlmann/cgltf,1057.0,
mytechnotalent/Hacking-Windows,https://github.com/mytechnotalent/Hacking-Windows,1058.0,
switchbrew/libnx,https://github.com/switchbrew/libnx,1059.0,
libsndfile/libsndfile,https://github.com/libsndfile/libsndfile,1060.0,
open-quantum-safe/liboqs,https://github.com/open-quantum-safe/liboqs,1067.0,
tanakh/cmdline,https://github.com/tanakh/cmdline,1067.0,
atomvm/AtomVM,https://github.com/atomvm/AtomVM,1068.0,
linux-nvme/nvme-cli,https://github.com/linux-nvme/nvme-cli,1069.0,
grimfang4/sdl-gpu,https://github.com/grimfang4/sdl-gpu,1073.0,
traildb/traildb,https://github.com/traildb/traildb,1073.0,
vonzhou/CSAPP,https://github.com/vonzhou/CSAPP,1077.0,
jmcnamara/libxlsxwriter,https://github.com/jmcnamara/libxlsxwriter,1084.0,
mattiasgustavsson/libs,https://github.com/mattiasgustavsson/libs,1095.0,
haywire/haywire,https://github.com/haywire/haywire,1097.0,
RoaringBitmap/CRoaring,https://github.com/RoaringBitmap/CRoaring,1098.0,
espressif/esp32-camera,https://github.com/espressif/esp32-camera,1102.0,
eclipse/paho.mqtt.embedded-c,https://github.com/eclipse/paho.mqtt.embedded-c,1104.0,
angband/angband,https://github.com/angband/angband,1108.0,
dariomanesku/cmftStudio,https://github.com/dariomanesku/cmftStudio,1112.0,
metacall/core,https://github.com/metacall/core,1119.0,
pi-hole/FTL,https://github.com/pi-hole/FTL,1122.0,
andrei-markeev/ts2c,https://github.com/andrei-markeev/ts2c,1123.0,
posva/catimg,https://github.com/posva/catimg,1124.0,
belangeo/pyo,https://github.com/belangeo/pyo,1126.0,
profanity-im/profanity,https://github.com/profanity-im/profanity,1128.0,
Cyan4973/FiniteStateEntropy,https://github.com/Cyan4973/FiniteStateEntropy,1131.0,
gentilkiwi/kekeo,https://github.com/gentilkiwi/kekeo,1144.0,
m0nad/Diamorphine,https://github.com/m0nad/Diamorphine,1149.0,
LIJI32/SameBoy,https://github.com/LIJI32/SameBoy,1151.0,
libimobiledevice/usbmuxd,https://github.com/libimobiledevice/usbmuxd,1151.0,
zlib-ng/zlib-ng,https://github.com/zlib-ng/zlib-ng,1157.0,
chentao0707/QrCodeScan,https://github.com/chentao0707/QrCodeScan,1157.0,
kgabis/parson,https://github.com/kgabis/parson,1159.0,
alexfru/SmallerC,https://github.com/alexfru/SmallerC,1165.0,
hfiref0x/KDU,https://github.com/hfiref0x/KDU,1166.0,
mltframework/mlt,https://github.com/mltframework/mlt,1166.0,
bloomberg/comdb2,https://github.com/bloomberg/comdb2,1173.0,
nfs-ganesha/nfs-ganesha,https://github.com/nfs-ganesha/nfs-ganesha,1176.0,
armink/CmBacktrace,https://github.com/armink/CmBacktrace,1188.0,
cnlohr/channel3,https://github.com/cnlohr/channel3,1195.0,
brektrou/rtl8821CU,https://github.com/brektrou/rtl8821CU,1197.0,
json-parser/json-parser,https://github.com/json-parser/json-parser,1201.0,
miniupnp/miniupnp,https://github.com/miniupnp/miniupnp,1203.0,
hfiref0x/WinObjEx64,https://github.com/hfiref0x/WinObjEx64,1210.0,
joan2937/pigpio,https://github.com/joan2937/pigpio,1211.0,
Visgean/Zeus,https://github.com/Visgean/Zeus,1214.0,
ands/lightmapper,https://github.com/ands/lightmapper,1216.0,
armon/bloomd,https://github.com/armon/bloomd,1220.0,
free-audio/clap,https://github.com/free-audio/clap,1221.0,
rui314/minilisp,https://github.com/rui314/minilisp,1232.0,
brenns10/lsh,https://github.com/brenns10/lsh,1233.0,
session-replay-tools/cetus,https://github.com/session-replay-tools/cetus,1234.0,
shiyanhui/libcsp,https://github.com/shiyanhui/libcsp,1235.0,
trailofbits/ctf,https://github.com/trailofbits/ctf,1245.0,
apple/swift-crypto,https://github.com/apple/swift-crypto,1248.0,
Bumblebee-Project/Bumblebee,https://github.com/Bumblebee-Project/Bumblebee,1257.0,
jbruchon/jdupes,https://github.com/jbruchon/jdupes,1260.0,
h3xduck/TripleCross,https://github.com/h3xduck/TripleCross,1262.0,
TinyCC/tinycc,https://github.com/TinyCC/tinycc,1265.0,
taf2/curb,https://github.com/taf2/curb,1266.0,
RRZE-HPC/likwid,https://github.com/RRZE-HPC/likwid,1277.0,
danielwaterworth/Raphters,https://github.com/danielwaterworth/Raphters,1278.0,
SpenceKonde/ATTinyCore,https://github.com/SpenceKonde/ATTinyCore,1278.0,
letoram/arcan,https://github.com/letoram/arcan,1280.0,
samtools/samtools,https://github.com/samtools/samtools,1286.0,
codeplea/genann,https://github.com/codeplea/genann,1291.0,
cyring/CoreFreq,https://github.com/cyring/CoreFreq,1291.0,
eclipse/mraa,https://github.com/eclipse/mraa,1295.0,
Stephane-D/SGDK,https://github.com/Stephane-D/SGDK,1305.0,
libtom/libtomcrypt,https://github.com/libtom/libtomcrypt,1311.0,
systemd/casync,https://github.com/systemd/casync,1316.0,
pbatard/libwdi,https://github.com/pbatard/libwdi,1321.0,
nfc-tools/libnfc,https://github.com/nfc-tools/libnfc,1324.0,
asterisk/asterisk,https://github.com/asterisk/asterisk,1346.0,
Softmotions/ejdb,https://github.com/Softmotions/ejdb,1347.0,
protocolbuffers/upb,https://github.com/protocolbuffers/upb,1349.0,
pret/pokeemerald,https://github.com/pret/pokeemerald,1353.0,
cesanta/v7,https://github.com/cesanta/v7,1362.0,
zrythm/zrythm,https://github.com/zrythm/zrythm,1365.0,
silentbicycle/greatest,https://github.com/silentbicycle/greatest,1368.0,
tomaspinho/rtl8821ce,https://github.com/tomaspinho/rtl8821ce,1374.0,
buserror/simavr,https://github.com/buserror/simavr,1375.0,
signalapp/libsignal-protocol-c,https://github.com/signalapp/libsignal-protocol-c,1382.0,
commonmark/cmark,https://github.com/commonmark/cmark,1388.0,
rxi/dyad,https://github.com/rxi/dyad,1390.0,
ThakeeNathees/pocketlang,https://github.com/ThakeeNathees/pocketlang,1397.0,
iPlug2/iPlug2,https://github.com/iPlug2/iPlug2,1413.0,
Harvey-OS/harvey,https://github.com/Harvey-OS/harvey,1413.0,
jarikomppa/soloud,https://github.com/jarikomppa/soloud,1413.0,
rsta2/circle,https://github.com/rsta2/circle,1414.0,
gurnec/HashCheck,https://github.com/gurnec/HashCheck,1414.0,
vinniefalco/LuaBridge,https://github.com/vinniefalco/LuaBridge,1415.0,
laruence/yar,https://github.com/laruence/yar,1416.0,
sahib/rmlint,https://github.com/sahib/rmlint,1419.0,
proot-me/proot,https://github.com/proot-me/proot,1450.0,
brianmario/yajl-ruby,https://github.com/brianmario/yajl-ruby,1451.0,
emweb/wt,https://github.com/emweb/wt,1455.0,
igraph/igraph,https://github.com/igraph/igraph,1458.0,
opsengine/cpulimit,https://github.com/opsengine/cpulimit,1462.0,
rougier/freetype-gl,https://github.com/rougier/freetype-gl,1464.0,
emsec/ChameleonMini,https://github.com/emsec/ChameleonMini,1468.0,
Pithikos/C-Thread-Pool,https://github.com/Pithikos/C-Thread-Pool,1471.0,
MarlinFirmware/Configurations,https://github.com/MarlinFirmware/Configurations,1490.0,
liballeg/allegro5,https://github.com/liballeg/allegro5,1504.0,
ZerBea/hcxtools,https://github.com/ZerBea/hcxtools,1518.0,
symisc/sod,https://github.com/symisc/sod,1520.0,
owntone/owntone-server,https://github.com/owntone/owntone-server,1534.0,
recp/cglm,https://github.com/recp/cglm,1537.0,
sdlpal/sdlpal,https://github.com/sdlpal/sdlpal,1541.0,
droe/sslsplit,https://github.com/droe/sslsplit,1547.0,
gloxec/CrossC2,https://github.com/gloxec/CrossC2,1549.0,
lexborisov/myhtml,https://github.com/lexborisov/myhtml,1553.0,
cgdb/cgdb,https://github.com/cgdb/cgdb,1556.0,
Dr-Noob/cpufetch,https://github.com/Dr-Noob/cpufetch,1556.0,
mkirchner/linked-list-good-taste,https://github.com/mkirchner/linked-list-good-taste,1561.0,
orangeduck/Corange,https://github.com/orangeduck/Corange,1564.0,
h2o/picohttpparser,https://github.com/h2o/picohttpparser,1564.0,
cloudwu/pbc,https://github.com/cloudwu/pbc,1569.0,
SRombauts/SQLiteCpp,https://github.com/SRombauts/SQLiteCpp,1571.0,
bitcoin-core/secp256k1,https://github.com/bitcoin-core/secp256k1,1579.0,
taviso/ctftool,https://github.com/taviso/ctftool,1589.0,
matrixcascade/PainterEngine,https://github.com/matrixcascade/PainterEngine,1598.0,
richgel999/miniz,https://github.com/richgel999/miniz,1603.0,
apple/cups,https://github.com/apple/cups,1605.0,
open-mpi/ompi,https://github.com/open-mpi/ompi,1606.0,
Lora-net/LoRaMac-node,https://github.com/Lora-net/LoRaMac-node,1613.0,
xiph/opus,https://github.com/xiph/opus,1616.0,
mvp/uhubctl,https://github.com/mvp/uhubctl,1618.0,
sustrik/libdill,https://github.com/sustrik/libdill,1619.0,
mgerdes/Open-Golf,https://github.com/mgerdes/Open-Golf,1620.0,
andrewrk/libsoundio,https://github.com/andrewrk/libsoundio,1630.0,
boazsegev/facil.io,https://github.com/boazsegev/facil.io,1653.0,
mjansson/rpmalloc,https://github.com/mjansson/rpmalloc,1658.0,
Snaipe/Criterion,https://github.com/Snaipe/Criterion,1666.0,
facebookarchive/libphenom,https://github.com/facebookarchive/libphenom,1667.0,
luke-jr/bfgminer,https://github.com/luke-jr/bfgminer,1673.0,
vnmakarov/mir,https://github.com/vnmakarov/mir,1676.0,
rapiz1/DungeonRush,https://github.com/rapiz1/DungeonRush,1677.0,
cesanta/mjs,https://github.com/cesanta/mjs,1686.0,
coreboot/coreboot,https://github.com/coreboot/coreboot,1687.0,
rspamd/rspamd,https://github.com/rspamd/rspamd,1691.0,
rui314/9cc,https://github.com/rui314/9cc,1694.0,
citusdata/cstore_fdw,https://github.com/citusdata/cstore_fdw,1696.0,
rsyslog/rsyslog,https://github.com/rsyslog/rsyslog,1698.0,
PromyLOPh/pianobar,https://github.com/PromyLOPh/pianobar,1703.0,
drh/lcc,https://github.com/drh/lcc,1705.0,
crownengine/crown,https://github.com/crownengine/crown,1706.0,
linux-can/can-utils,https://github.com/linux-can/can-utils,1722.0,
HardySimpson/zlog,https://github.com/HardySimpson/zlog,1739.0,
syslog-ng/syslog-ng,https://github.com/syslog-ng/syslog-ng,1739.0,
FreeRADIUS/freeradius-server,https://github.com/FreeRADIUS/freeradius-server,1744.0,
nullsecuritynet/tools,https://github.com/nullsecuritynet/tools,1765.0,
hpjansson/chafa,https://github.com/hpjansson/chafa,1769.0,
distcc/distcc,https://github.com/distcc/distcc,1778.0,
symisc/unqlite,https://github.com/symisc/unqlite,1783.0,
tezc/sc,https://github.com/tezc/sc,1788.0,
citusdata/pg_cron,https://github.com/citusdata/pg_cron,1797.0,
statsite/statsite,https://github.com/statsite/statsite,1802.0,
bats3c/shad0w,https://github.com/bats3c/shad0w,1812.0,
cc65/cc65,https://github.com/cc65/cc65,1815.0,
skywind3000/mini3d,https://github.com/skywind3000/mini3d,1841.0,
slembcke/Chipmunk2D,https://github.com/slembcke/Chipmunk2D,1857.0,
kkos/oniguruma,https://github.com/kkos/oniguruma,1872.0,
benhoyt/inih,https://github.com/benhoyt/inih,1878.0,
InfiniTimeOrg/InfiniTime,https://github.com/InfiniTimeOrg/InfiniTime,1887.0,
rvaiya/warpd,https://github.com/rvaiya/warpd,1889.0,
davidmoreno/onion,https://github.com/davidmoreno/onion,1892.0,
linux-test-project/ltp,https://github.com/linux-test-project/ltp,1899.0,
vmg/sundown,https://github.com/vmg/sundown,1918.0,
containers/crun,https://github.com/containers/crun,1921.0,
altdesktop/playerctl,https://github.com/altdesktop/playerctl,1921.0,
okbob/pspg,https://github.com/okbob/pspg,1925.0,
fwupd/fwupd,https://github.com/fwupd/fwupd,1940.0,
brendan-rius/c-jwt-cracker,https://github.com/brendan-rius/c-jwt-cracker,1948.0,
open62541/open62541,https://github.com/open62541/open62541,1967.0,
cloudwu/coroutine,https://github.com/cloudwu/coroutine,2174.0,
ivmai/bdwgc,https://github.com/ivmai/bdwgc,2176.0,
nigels-com/glew,https://github.com/nigels-com/glew,2183.0,
NetHack/NetHack,https://github.com/NetHack/NetHack,2185.0,
networkprotocol/yojimbo,https://github.com/networkprotocol/yojimbo,2194.0,
vifm/vifm,https://github.com/vifm/vifm,2223.0,
civetweb/civetweb,https://github.com/civetweb/civetweb,2239.0,
namhyung/uftrace,https://github.com/namhyung/uftrace,2254.0,
apple/swift-corelibs-libdispatch,https://github.com/apple/swift-corelibs-libdispatch,2264.0,
ibireme/yyjson,https://github.com/ibireme/yyjson,2266.0,
tvheadend/tvheadend,https://github.com/tvheadend/tvheadend,2270.0,
apache/guacamole-server,https://github.com/apache/guacamole-server,2283.0,
madMAx43v3r/chia-plotter,https://github.com/madMAx43v3r/chia-plotter,2314.0,
cesanta/mongoose-os,https://github.com/cesanta/mongoose-os,2330.0,
orangeduck/mpc,https://github.com/orangeduck/mpc,2388.0,
sysstat/sysstat,https://github.com/sysstat/sysstat,2404.0,
Celtoys/Remotery,https://github.com/Celtoys/Remotery,2413.0,
Cisco-Talos/clamav,https://github.com/Cisco-Talos/clamav,2413.0,
tj/luna,https://github.com/tj/luna,2444.0,
cleanflight/cleanflight,https://github.com/cleanflight/cleanflight,2458.0,
acl-dev/acl,https://github.com/acl-dev/acl,2463.0,
stephane/libmodbus,https://github.com/stephane/libmodbus,2478.0,
dankamongmen/notcurses,https://github.com/dankamongmen/notcurses,2491.0,
mackron/miniaudio,https://github.com/mackron/miniaudio,2538.0,
json-c/json-c,https://github.com/json-c/json-c,2565.0,
premake/premake-core,https://github.com/premake/premake-core,2577.0,
weechat/weechat,https://github.com/weechat/weechat,2577.0,
zyantific/zydis,https://github.com/zyantific/zydis,2580.0,
gozfree/gear-lib,https://github.com/gozfree/gear-lib,2596.0,
janet-lang/janet,https://github.com/janet-lang/janet,2610.0,
armink/EasyLogger,https://github.com/armink/EasyLogger,2623.0,
quickjs-zh/QuickJS,https://github.com/quickjs-zh/QuickJS,2628.0,
sustrik/libmill,https://github.com/sustrik/libmill,2632.0,
jhawthorn/fzy,https://github.com/jhawthorn/fzy,2633.0,
neomutt/neomutt,https://github.com/neomutt/neomutt,2645.0,
google/honggfuzz,https://github.com/google/honggfuzz,2665.0,
akheron/jansson,https://github.com/akheron/jansson,2706.0,
inotify-tools/inotify-tools,https://github.com/inotify-tools/inotify-tools,2706.0,
philippe44/AirConnect,https://github.com/philippe44/AirConnect,2761.0,
microsoft/checkedc,https://github.com/microsoft/checkedc,2767.0,
ThrowTheSwitch/Unity,https://github.com/ThrowTheSwitch/Unity,2768.0,
hexchat/hexchat,https://github.com/hexchat/hexchat,2775.0,
NVIDIA/cuda-samples,https://github.com/NVIDIA/cuda-samples,2778.0,
vozlt/nginx-module-vts,https://github.com/vozlt/nginx-module-vts,2786.0,
xiph/rnnoise,https://github.com/xiph/rnnoise,2794.0,
westes/flex,https://github.com/westes/flex,2799.0,
3proxy/3proxy,https://github.com/3proxy/3proxy,2799.0,
collectd/collectd,https://github.com/collectd/collectd,2801.0,
Dav1dde/glad,https://github.com/Dav1dde/glad,2804.0,
aubio/aubio,https://github.com/aubio/aubio,2834.0,
karlstav/cava,https://github.com/karlstav/cava,2834.0,
jonashaag/bjoern,https://github.com/jonashaag/bjoern,2861.0,
lastpass/lastpass-cli,https://github.com/lastpass/lastpass-cli,2867.0,
ohler55/oj,https://github.com/ohler55/oj,2932.0,
abishekvashok/cmatrix,https://github.com/abishekvashok/cmatrix,2960.0,
Mzzopublic/C,https://github.com/Mzzopublic/C,2977.0,
jakogut/tinyvm,https://github.com/jakogut/tinyvm,2977.0,
mridgers/clink,https://github.com/mridgers/clink,2984.0,
stellar/stellar-core,https://github.com/stellar/stellar-core,3019.0,
varnishcache/varnish-cache,https://github.com/varnishcache/varnish-cache,3104.0,
microsoft/msquic,https://github.com/microsoft/msquic,3111.0,
iqiyi/xCrash,https://github.com/iqiyi/xCrash,3156.0,
cmusphinx/pocketsphinx,https://github.com/cmusphinx/pocketsphinx,3168.0,
hnes/libaco,https://github.com/hnes/libaco,3175.0,
coreutils/coreutils,https://github.com/coreutils/coreutils,3176.0,
plasma-umass/coz,https://github.com/plasma-umass/coz,3216.0,
nanopb/nanopb,https://github.com/nanopb/nanopb,3247.0,
troydhanson/uthash,https://github.com/troydhanson/uthash,3259.0,
acassen/keepalived,https://github.com/acassen/keepalived,3284.0,
tianocore/edk2,https://github.com/tianocore/edk2,3302.0,
dvorka/hstr,https://github.com/dvorka/hstr,3355.0,
kokke/tiny-AES-c,https://github.com/kokke/tiny-AES-c,3356.0,
SanderMertens/flecs,https://github.com/SanderMertens/flecs,3369.0,
gnea/grbl,https://github.com/gnea/grbl,3448.0,
dunst-project/dunst,https://github.com/dunst-project/dunst,3485.0,
jagt/clumsy,https://github.com/jagt/clumsy,3497.0,
contiki-os/contiki,https://github.com/contiki-os/contiki,3514.0,
torproject/tor,https://github.com/torproject/tor,3523.0,
jorisvink/kore,https://github.com/jorisvink/kore,3546.0,
zpoint/CPython-Internals,https://github.com/zpoint/CPython-Internals,3547.0,
openvenues/libpostal,https://github.com/openvenues/libpostal,3608.0,
RandyGaul/cute_headers,https://github.com/RandyGaul/cute_headers,3653.0,
attractivechaos/klib,https://github.com/attractivechaos/klib,3666.0,
warmcat/libwebsockets,https://github.com/warmcat/libwebsockets,3713.0,
lc-soft/LCUI,https://github.com/lc-soft/LCUI,3858.0,
gluster/glusterfs,https://github.com/gluster/glusterfs,3886.0,
lxc/lxc,https://github.com/lxc/lxc,3892.0,
martanne/vis,https://github.com/martanne/vis,3894.0,
ultrajson/ultrajson,https://github.com/ultrajson/ultrajson,3895.0,
Netflix/dynomite,https://github.com/Netflix/dynomite,4004.0,
antirez/sds,https://github.com/antirez/sds,4046.0,
floooh/sokol,https://github.com/floooh/sokol,4057.0,
marcobambini/gravity,https://github.com/marcobambini/gravity,4081.0,
libusb/libusb,https://github.com/libusb/libusb,4092.0,
fluent/fluent-bit,https://github.com/fluent/fluent-bit,4150.0,
nbs-system/naxsi,https://github.com/nbs-system/naxsi,4183.0,
neutrinolabs/xrdp,https://github.com/neutrinolabs/xrdp,4188.0,
tboox/tbox,https://github.com/tboox/tbox,4195.0,
aws/s2n-tls,https://github.com/aws/s2n-tls,4219.0,
htop-dev/htop,https://github.com/htop-dev/htop,4315.0,
RIOT-OS/RIOT,https://github.com/RIOT-OS/RIOT,4318.0,
hsoft/collapseos,https://github.com/hsoft/collapseos,4382.0,
clibs/clib,https://github.com/clibs/clib,4440.0,
laruence/yaf,https://github.com/laruence/yaf,4489.0,
veracrypt/VeraCrypt,https://github.com/veracrypt/VeraCrypt,4491.0,
kornelski/pngquant,https://github.com/kornelski/pngquant,4497.0,
dokan-dev/dokany,https://github.com/dokan-dev/dokany,4506.0,
colmap/colmap,https://github.com/colmap/colmap,4624.0,
ravynsoft/ravynos,https://github.com/ravynsoft/ravynos,4644.0,
cmus/cmus,https://github.com/cmus/cmus,4767.0,
hfiref0x/UACME,https://github.com/hfiref0x/UACME,4779.0,
grbl/grbl,https://github.com/grbl/grbl,4829.0,
peng-zhihui/HoloCubic,https://github.com/peng-zhihui/HoloCubic,4837.0,
ithewei/libhv,https://github.com/ithewei/libhv,4900.0,
cjdelisle/cjdns,https://github.com/cjdelisle/cjdns,4939.0,
ldcsaa/HP-Socket,https://github.com/ldcsaa/HP-Socket,4968.0,
CameraKit/camerakit-android,https://github.com/CameraKit/camerakit-android,5226.0,
universal-ctags/ctags,https://github.com/universal-ctags/ctags,5277.0,
Kitware/CMake,https://github.com/Kitware/CMake,5290.0,
libimobiledevice/libimobiledevice,https://github.com/libimobiledevice/libimobiledevice,5308.0,
klange/toaruos,https://github.com/klange/toaruos,5309.0,
pygame/pygame,https://github.com/pygame/pygame,5498.0,
redis/hiredis,https://github.com/redis/hiredis,5514.0,
lpereira/lwan,https://github.com/lpereira/lwan,5685.0,
hishamhm/htop,https://github.com/hishamhm/htop,5736.0,
rui314/8cc,https://github.com/rui314/8cc,5753.0,
orangeduck/Cello,https://github.com/orangeduck/Cello,5998.0,
capstone-engine/capstone,https://github.com/capstone-engine/capstone,6019.0,
nodejs/http-parser,https://github.com/nodejs/http-parser,6120.0,
microsoft/WinObjC,https://github.com/microsoft/WinObjC,6188.0,
mattn/go-sqlite3,https://github.com/mattn/go-sqlite3,6217.0,
edenhill/librdkafka,https://github.com/edenhill/librdkafka,6338.0,
pocoproject/poco,https://github.com/pocoproject/poco,6532.0,
peng-zhihui/L-ink_Card,https://github.com/peng-zhihui/L-ink_Card,6746.0,
Cyan4973/xxHash,https://github.com/Cyan4973/xxHash,6806.0,
catboost/catboost,https://github.com/catboost/catboost,6823.0,
Wind4/vlmcsd,https://github.com/Wind4/vlmcsd,6843.0,
rui314/chibicc,https://github.com/rui314/chibicc,6858.0,
liuliu/ccv,https://github.com/liuliu/ccv,6903.0,
openwall/john,https://github.com/openwall/john,7056.0,
libretro/RetroArch,https://github.com/libretro/RetroArch,7286.0,
DoctorWkt/acwj,https://github.com/DoctorWkt/acwj,7367.0,
libvips/libvips,https://github.com/libvips/libvips,7417.0,
cockpit-project/cockpit,https://github.com/cockpit-project/cockpit,7551.0,
citusdata/citus,https://github.com/citusdata/citus,7612.0,
FreeRDP/FreeRDP,https://github.com/FreeRDP/FreeRDP,7624.0,
lz4/lz4,https://github.com/lz4/lz4,7779.0,
rswier/c4,https://github.com/rswier/c4,7949.0,
krallin/tini,https://github.com/krallin/tini,8012.0,
Tencent/xLua,https://github.com/Tencent/xLua,8090.0,
DaveGamble/cJSON,https://github.com/DaveGamble/cJSON,8170.0,
winsiderss/systeminformer,https://github.com/winsiderss/systeminformer,8241.0,
coturn/coturn,https://github.com/coturn/coturn,8489.0,
libgit2/libgit2,https://github.com/libgit2/libgit2,8790.0,
sumatrapdfreader/sumatrapdf,https://github.com/sumatrapdfreader/sumatrapdf,9190.0,
libevent/libevent,https://github.com/libevent/libevent,9355.0,
fogleman/Craft,https://github.com/fogleman/Craft,9513.0,
phpredis/phpredis,https://github.com/phpredis/phpredis,9527.0,
glfw/glfw,https://github.com/glfw/glfw,9895.0,
jart/cosmopolitan,https://github.com/jart/cosmopolitan,9936.0,
videolan/vlc,https://github.com/videolan/vlc,9941.0,
davatorium/rofi,https://github.com/davatorium/rofi,10287.0,
andlabs/libui,https://github.com/andlabs/libui,10353.0,
systemd/systemd,https://github.com/systemd/systemd,10414.0,
acidanthera/OpenCorePkg,https://github.com/acidanthera/OpenCorePkg,10550.0,
jedisct1/libsodium,https://github.com/jedisct1/libsodium,10602.0,
webview/webview,https://github.com/webview/webview,10684.0,
lvgl/lvgl,https://github.com/lvgl/lvgl,10827.0,
raysan5/raylib,https://github.com/raysan5/raylib,11157.0,
jonas/tig,https://github.com/jonas/tig,11344.0,
reactos/reactos,https://github.com/reactos/reactos,11708.0,
s-matyukevich/raspberry-pi-os,https://github.com/s-matyukevich/raspberry-pi-os,11862.0,
skywind3000/kcp,https://github.com/skywind3000/kcp,11915.0,
qmk/qmk_firmware,https://github.com/qmk/qmk_firmware,13841.0,
jarun/nnn,https://github.com/jarun/nnn,15303.0,
allinurl/goaccess,https://github.com/allinurl/goaccess,15471.0,
hashcat/hashcat,https://github.com/hashcat/hashcat,16171.0,
radareorg/radare2,https://github.com/radareorg/radare2,17217.0,
openssl/openssl,https://github.com/openssl/openssl,20281.0,
nothings/stb,https://github.com/nothings/stb,20492.0,
mpv-player/mpv,https://github.com/mpv-player/mpv,20798.0,
pbatard/rufus,https://github.com/pbatard/rufus,20915.0,
ggreer/the_silver_searcher,https://github.com/ggreer/the_silver_searcher,24365.0,
curl/curl,https://github.com/curl/curl,27587.0,
FFmpeg/FFmpeg,https://github.com/FFmpeg/FFmpeg,32931.0,
php/php-src,https://github.com/php/php-src,34656.0,
obsproject/obs-studio,https://github.com/obsproject/obs-studio,43309.0,
git/git,https://github.com/git/git,44410.0,
Genymobile/scrcpy,https://github.com/Genymobile/scrcpy,73614.0,
apache/beam,https://github.com/apache/beam,,5545.0
apache/zeppelin,https://github.com/apache/zeppelin,,5694.0
google/j2objc,https://github.com/google/j2objc,,5880.0
google/error-prone,https://github.com/google/error-prone,,5973.0
apache/tomcat,https://github.com/apache/tomcat,,6070.0
apache/jmeter,https://github.com/apache/jmeter,,6178.0
apache/incubator-shenyu,https://github.com/apache/incubator-shenyu,,6259.0
apache/storm,https://github.com/apache/storm,,6361.0
google/android-classyshark,https://github.com/google/android-classyshark,,7040.0
apache/cassandra,https://github.com/apache/cassandra,,7312.0
facebook/buck,https://github.com/facebook/buck,,8287.0
cats-oss/android-gpuimage,https://github.com/cats-oss/android-gpuimage,,8407.0
stanfordnlp/CoreNLP,https://github.com/stanfordnlp/CoreNLP,,8496.0
Activiti/Activiti,https://github.com/Activiti/Activiti,,8601.0
google/auto,https://github.com/google/auto,,9746.0
apache/zookeeper,https://github.com/apache/zookeeper,,10525.0
antlr/antlr4,https://github.com/antlr/antlr4,,12258.0
eclipse/deeplearning4j,https://github.com/eclipse/deeplearning4j,,12491.0
mockito/mockito,https://github.com/mockito/mockito,,12969.0
openjdk/jdk,https://github.com/openjdk/jdk,,13236.0
oracle/graal,https://github.com/oracle/graal,,17086.0
apache/flink,https://github.com/apache/flink,,19036.0
alibaba/Sentinel,https://github.com/alibaba/Sentinel,,19181.0
google/ExoPlayer,https://github.com/google/ExoPlayer,,19369.0
google/gson,https://github.com/google/gson,,20982.0
alibaba/spring-cloud-alibaba,https://github.com/alibaba/spring-cloud-alibaba,,22498.0
alibaba/easyexcel,https://github.com/alibaba/easyexcel,,23682.0
alibaba/fastjson,https://github.com/alibaba/fastjson,,24631.0
dbeaver/dbeaver,https://github.com/dbeaver/dbeaver,,26702.0
alibaba/arthas,https://github.com/alibaba/arthas,,29296.0
apache/dubbo,https://github.com/apache/dubbo,,37353.0
google/guava,https://github.com/google/guava,,44743.0
elastic/elasticsearch,https://github.com/elastic/elasticsearch,,59813.0
spring-projects/spring-boot,https://github.com/spring-projects/spring-boot,,61490.0
DenisCarriere/geocoder,https://github.com/DenisCarriere/geocoder,1500.0,
kurtmckee/feedparser,https://github.com/kurtmckee/feedparser,1514.0,
evennia/evennia,https://github.com/evennia/evennia,1527.0,
JulienPalard/Pipe,https://github.com/JulienPalard/Pipe,1540.0,
coin-or/pulp,https://github.com/coin-or/pulp,1541.0,
PyWavelets/pywt,https://github.com/PyWavelets/pywt,1560.0,
petertodd/python-bitcoinlib,https://github.com/petertodd/python-bitcoinlib,1566.0,
markfinger/python-react,https://github.com/markfinger/python-react,1567.0,
yinkaisheng/Python-UIAutomation-for-Windows,https://github.com/yinkaisheng/Python-UIAutomation-for-Windows,1593.0,
hyde/hyde,https://github.com/hyde/hyde,1605.0,
twilio/twilio-python,https://github.com/twilio/twilio-python,1629.0,
fossasia/pslab-python,https://github.com/fossasia/pslab-python,1633.0,
influxdata/influxdb-python,https://github.com/influxdata/influxdb-python,1635.0,
scanny/python-pptx,https://github.com/scanny/python-pptx,1642.0,
pndurette/gTTS,https://github.com/pndurette/gTTS,1665.0,
jtpereyda/boofuzz,https://github.com/jtpereyda/boofuzz,1666.0,
riptideio/pymodbus,https://github.com/riptideio/pymodbus,1668.0,
CITGuru/PyInquirer,https://github.com/CITGuru/PyInquirer,1668.0,
python-restx/flask-restx,https://github.com/python-restx/flask-restx,1674.0,
TotallyNotChase/glitch-this,https://github.com/TotallyNotChase/glitch-this,1675.0,
DedSecInside/TorBot,https://github.com/DedSecInside/TorBot,1677.0,
getsentry/raven-python,https://github.com/getsentry/raven-python,1678.0,
msgpack/msgpack-python,https://github.com/msgpack/msgpack-python,1681.0,
stypr/clubhouse-py,https://github.com/stypr/clubhouse-py,1683.0,
PythonOT/POT,https://github.com/PythonOT/POT,1684.0,
coleifer/sqlite-web,https://github.com/coleifer/sqlite-web,1684.0,
rentruewang/koila,https://github.com/rentruewang/koila,1686.0,
pmaupin/pdfrw,https://github.com/pmaupin/pdfrw,1687.0,
ucg8j/awesome-dash,https://github.com/ucg8j/awesome-dash,1687.0,
imwilsonxu/fbone,https://github.com/imwilsonxu/fbone,1692.0,
gak/pycallgraph,https://github.com/gak/pycallgraph,1693.0,
tryolabs/norfair,https://github.com/tryolabs/norfair,1693.0,
vwxyzjn/cleanrl,https://github.com/vwxyzjn/cleanrl,1696.0,
mistio/mist-ce,https://github.com/mistio/mist-ce,1697.0,
pyparsing/pyparsing,https://github.com/pyparsing/pyparsing,1701.0,
Maratyszcza/PeachPy,https://github.com/Maratyszcza/PeachPy,1701.0,
alisen39/TrWebOCR,https://github.com/alisen39/TrWebOCR,1702.0,
tryolabs/requestium,https://github.com/tryolabs/requestium,1703.0,
google/gin-config,https://github.com/google/gin-config,1704.0,
pdfarranger/pdfarranger,https://github.com/pdfarranger/pdfarranger,1704.0,
Suor/django-cacheops,https://github.com/Suor/django-cacheops,1707.0,
tylerlaberge/PyPattyrn,https://github.com/tylerlaberge/PyPattyrn,1708.0,
sansyrox/robyn,https://github.com/sansyrox/robyn,1711.0,
kaxap/arl,https://github.com/kaxap/arl,1713.0,
joshiemoore/snakeware,https://github.com/joshiemoore/snakeware,1714.0,
sirfz/tesserocr,https://github.com/sirfz/tesserocr,1717.0,
alejandroautalan/pygubu,https://github.com/alejandroautalan/pygubu,1718.0,
JazzCore/python-pdfkit,https://github.com/JazzCore/python-pdfkit,1718.0,
robinhood-unofficial/pyrh,https://github.com/robinhood-unofficial/pyrh,1719.0,
OfflineIMAP/offlineimap,https://github.com/OfflineIMAP/offlineimap,1719.0,
quantumblacklabs/causalnex,https://github.com/quantumblacklabs/causalnex,1721.0,
kivymd/KivyMD,https://github.com/kivymd/KivyMD,1721.0,
ilius/pyglossary,https://github.com/ilius/pyglossary,1722.0,
tdryer/hangups,https://github.com/tdryer/hangups,1731.0,
PyCQA/prospector,https://github.com/PyCQA/prospector,1733.0,
mvantellingen/python-zeep,https://github.com/mvantellingen/python-zeep,1734.0,
aws/sagemaker-python-sdk,https://github.com/aws/sagemaker-python-sdk,1739.0,
openairplay/airplay2-receiver,https://github.com/openairplay/airplay2-receiver,1740.0,
dbcli/litecli,https://github.com/dbcli/litecli,1741.0,
Veil-Framework/Veil-Evasion,https://github.com/Veil-Framework/Veil-Evasion,1742.0,
CGCookie/retopoflow,https://github.com/CGCookie/retopoflow,1748.0,
eldraco/domain_analyzer,https://github.com/eldraco/domain_analyzer,1752.0,
alecthomas/voluptuous,https://github.com/alecthomas/voluptuous,1752.0,
eclipse/paho.mqtt.python,https://github.com/eclipse/paho.mqtt.python,1758.0,
PyFilesystem/pyfilesystem2,https://github.com/PyFilesystem/pyfilesystem2,1782.0,
SystemRage/py-kms,https://github.com/SystemRage/py-kms,1784.0,
h5py/h5py,https://github.com/h5py/h5py,1798.0,
johnwheeler/flask-ask,https://github.com/johnwheeler/flask-ask,1898.0,
prabhupant/python-ds,https://github.com/prabhupant/python-ds,1912.0,
python-gitlab/python-gitlab,https://github.com/python-gitlab/python-gitlab,1923.0,
jstrieb/github-stats,https://github.com/jstrieb/github-stats,1930.0,
DerwenAI/pytextrank,https://github.com/DerwenAI/pytextrank,1933.0,
obheda12/GitDorker,https://github.com/obheda12/GitDorker,1933.0,
yhenon/pytorch-retinanet,https://github.com/yhenon/pytorch-retinanet,1938.0,
luka1199/geo-heatmap,https://github.com/luka1199/geo-heatmap,1938.0,
IronLanguages/ironpython3,https://github.com/IronLanguages/ironpython3,1942.0,
picklepete/pyicloud,https://github.com/picklepete/pyicloud,1943.0,
lightly-ai/lightly,https://github.com/lightly-ai/lightly,1943.0,
mdn/kuma,https://github.com/mdn/kuma,1944.0,
dateutil/dateutil,https://github.com/dateutil/dateutil,1946.0,
opsdisk/pagodo,https://github.com/opsdisk/pagodo,1949.0,
shuup/shuup,https://github.com/shuup/shuup,1950.0,
SublimeLinter/SublimeLinter,https://github.com/SublimeLinter/SublimeLinter,1952.0,
corpnewt/ProperTree,https://github.com/corpnewt/ProperTree,1954.0,
git-cola/git-cola,https://github.com/git-cola/git-cola,1955.0,
mara/mara-pipelines,https://github.com/mara/mara-pipelines,1960.0,
swaroopch/byte-of-python,https://github.com/swaroopch/byte-of-python,1961.0,
JushuangQiao/Python-Offer,https://github.com/JushuangQiao/Python-Offer,1964.0,
wger-project/wger,https://github.com/wger-project/wger,1974.0,
casualsnek/cassowary,https://github.com/casualsnek/cassowary,1974.0,
ckreibich/scholar.py,https://github.com/ckreibich/scholar.py,1975.0,
texworld/tikzplotlib,https://github.com/texworld/tikzplotlib,1975.0,
danijar/handout,https://github.com/danijar/handout,1981.0,
Marten4n6/EvilOSX,https://github.com/Marten4n6/EvilOSX,1981.0,
erdewit/ib_insync,https://github.com/erdewit/ib_insync,1982.0,
piku/piku,https://github.com/piku/piku,1985.0,
ross/requests-futures,https://github.com/ross/requests-futures,1988.0,
abseil/abseil-py,https://github.com/abseil/abseil-py,1991.0,
wrobstory/vincent,https://github.com/wrobstory/vincent,2043.0,
pynamodb/PynamoDB,https://github.com/pynamodb/PynamoDB,2045.0,
Kaggle/docker-python,https://github.com/Kaggle/docker-python,2050.0,
achillean/shodan-python,https://github.com/achillean/shodan-python,2074.0,
mne-tools/mne-python,https://github.com/mne-tools/mne-python,2078.0,
thonny/thonny,https://github.com/thonny/thonny,2097.0,
jameslyons/python_speech_features,https://github.com/jameslyons/python_speech_features,2185.0,
andersbll/neural_artistic_style,https://github.com/andersbll/neural_artistic_style,2185.0,
egrcc/zhihu-python,https://github.com/egrcc/zhihu-python,2209.0,
ethan-funny/explore-python,https://github.com/ethan-funny/explore-python,2223.0,
lxml/lxml,https://github.com/lxml/lxml,2237.0,
HBNetwork/python-decouple,https://github.com/HBNetwork/python-decouple,2288.0,
wkunzhi/Python3-Spider,https://github.com/wkunzhi/Python3-Spider,2358.0,
dabeaz/ply,https://github.com/dabeaz/ply,2375.0,
rytilahti/python-miio,https://github.com/rytilahti/python-miio,2379.0,
pycrypto/pycrypto,https://github.com/pycrypto/pycrypto,2398.0,
microsoft/forecasting,https://github.com/microsoft/forecasting,2401.0,
oilshell/oil,https://github.com/oilshell/oil,2407.0,
kootenpv/yagmail,https://github.com/kootenpv/yagmail,2411.0,
nickoala/telepot,https://github.com/nickoala/telepot,2416.0,
thomasahle/sunfish,https://github.com/thomasahle/sunfish,2445.0,
thp/urlwatch,https://github.com/thp/urlwatch,2456.0,
GeorgeSeif/Semantic-Segmentation-Suite,https://github.com/GeorgeSeif/Semantic-Segmentation-Suite,2458.0,
celery/kombu,https://github.com/celery/kombu,2462.0,
intelowlproject/IntelOwl,https://github.com/intelowlproject/IntelOwl,2466.0,
nickliqian/cnn_captcha,https://github.com/nickliqian/cnn_captcha,2475.0,
PyCQA/flake8,https://github.com/PyCQA/flake8,2490.0,
pydata/pandas-datareader,https://github.com/pydata/pandas-datareader,2492.0,
lukas-blecher/LaTeX-OCR,https://github.com/lukas-blecher/LaTeX-OCR,2493.0,
rlabbe/filterpy,https://github.com/rlabbe/filterpy,2498.0,
Kozea/pygal,https://github.com/Kozea/pygal,2501.0,
dry-python/returns,https://github.com/dry-python/returns,2501.0,
lyft/cartography,https://github.com/lyft/cartography,2507.0,
urwid/urwid,https://github.com/urwid/urwid,2511.0,
dahlia/awesome-sqlalchemy,https://github.com/dahlia/awesome-sqlalchemy,2513.0,
autokey/autokey,https://github.com/autokey/autokey,2515.0,
mhagger/git-imerge,https://github.com/mhagger/git-imerge,2517.0,
simon-weber/gmusicapi,https://github.com/simon-weber/gmusicapi,2518.0,
python-gino/gino,https://github.com/python-gino/gino,2520.0,
mars-project/mars,https://github.com/mars-project/mars,2520.0,
qbittorrent/search-plugins,https://github.com/qbittorrent/search-plugins,2522.0,
huggingface/knockknock,https://github.com/huggingface/knockknock,2522.0,
ets-labs/python-dependency-injector,https://github.com/ets-labs/python-dependency-injector,2524.0,
goldsmith/Wikipedia,https://github.com/goldsmith/Wikipedia,2528.0,
lxgr-linux/pokete,https://github.com/lxgr-linux/pokete,2529.0,
abhiTronix/vidgear,https://github.com/abhiTronix/vidgear,2535.0,
sdushantha/wifi-password,https://github.com/sdushantha/wifi-password,2539.0,
schematics/schematics,https://github.com/schematics/schematics,2541.0,
inducer/pudb,https://github.com/inducer/pudb,2543.0,
VeNoMouS/cloudscraper,https://github.com/VeNoMouS/cloudscraper,2547.0,
hypothesis/h,https://github.com/hypothesis/h,2553.0,
samschott/maestral,https://github.com/samschott/maestral,2558.0,
mkleehammer/pyodbc,https://github.com/mkleehammer/pyodbc,2560.0,
stellargraph/stellargraph,https://github.com/stellargraph/stellargraph,2560.0,
flyingrub/scdl,https://github.com/flyingrub/scdl,2566.0,
cobrateam/splinter,https://github.com/cobrateam/splinter,2577.0,
ranaroussi/quantstats,https://github.com/ranaroussi/quantstats,2579.0,
PetarV-/GAT,https://github.com/PetarV-/GAT,2579.0,
sightmachine/SimpleCV,https://github.com/sightmachine/SimpleCV,2581.0,
ping/instagram_private_api,https://github.com/ping/instagram_private_api,2582.0,
wkentaro/gdown,https://github.com/wkentaro/gdown,2585.0,
cdhigh/KindleEar,https://github.com/cdhigh/KindleEar,2590.0,
onelivesleft/PrettyErrors,https://github.com/onelivesleft/PrettyErrors,2601.0,
nalepae/pandarallel,https://github.com/nalepae/pandarallel,2603.0,
rougier/matplotlib-tutorial,https://github.com/rougier/matplotlib-tutorial,2604.0,
Kozea/Radicale,https://github.com/Kozea/Radicale,2609.0,
jrfonseca/gprof2dot,https://github.com/jrfonseca/gprof2dot,2622.0,
djrobstep/migra,https://github.com/djrobstep/migra,2626.0,
explosion/thinc,https://github.com/explosion/thinc,2626.0,
gwen001/pentest-tools,https://github.com/gwen001/pentest-tools,2637.0,
ehmatthes/pcc,https://github.com/ehmatthes/pcc,2642.0,
QQuick/Transcrypt,https://github.com/QQuick/Transcrypt,2643.0,
Jittor/jittor,https://github.com/Jittor/jittor,2644.0,
sherjilozair/char-rnn-tensorflow,https://github.com/sherjilozair/char-rnn-tensorflow,2646.0,
Neo23x0/Loki,https://github.com/Neo23x0/Loki,2650.0,
noirbizarre/flask-restplus,https://github.com/noirbizarre/flask-restplus,2660.0,
mobolic/facebook-sdk,https://github.com/mobolic/facebook-sdk,2663.0,
joke2k/django-environ,https://github.com/joke2k/django-environ,2664.0,
ourownstory/neural_prophet,https://github.com/ourownstory/neural_prophet,2666.0,
Netflix/bless,https://github.com/Netflix/bless,2675.0,
manrajgrover/halo,https://github.com/manrajgrover/halo,2678.0,
douban/dpark,https://github.com/douban/dpark,2685.0,
RaRe-Technologies/smart_open,https://github.com/RaRe-Technologies/smart_open,2690.0,
jazzband/django-oauth-toolkit,https://github.com/jazzband/django-oauth-toolkit,2700.0,
keithito/tacotron,https://github.com/keithito/tacotron,2706.0,
behave/behave,https://github.com/behave/behave,2732.0,
grantjenks/python-sortedcontainers,https://github.com/grantjenks/python-sortedcontainers,2790.0,
shinnytech/tqsdk-python,https://github.com/shinnytech/tqsdk-python,2815.0,
iswbm/magic-python,https://github.com/iswbm/magic-python,2824.0,
deanishe/alfred-workflow,https://github.com/deanishe/alfred-workflow,2865.0,
pyeve/cerberus,https://github.com/pyeve/cerberus,2881.0,
flyteorg/flyte,https://github.com/flyteorg/flyte,2887.0,
zhaoyingjun/chatbot,https://github.com/zhaoyingjun/chatbot,2893.0,
python-twitter-tools/twitter,https://github.com/python-twitter-tools/twitter,2896.0,
Ulauncher/Ulauncher,https://github.com/Ulauncher/Ulauncher,2904.0,
TheSpeedX/TBomb,https://github.com/TheSpeedX/TBomb,2906.0,
mkaz/termgraph,https://github.com/mkaz/termgraph,2907.0,
Suor/funcy,https://github.com/Suor/funcy,2919.0,
knownsec/pocsuite3,https://github.com/knownsec/pocsuite3,2929.0,
Just-Some-Bots/MusicBot,https://github.com/Just-Some-Bots/MusicBot,2933.0,
rocky/python-uncompyle6,https://github.com/rocky/python-uncompyle6,2934.0,
cea-sec/miasm,https://github.com/cea-sec/miasm,2934.0,
Anorov/cloudflare-scrape,https://github.com/Anorov/cloudflare-scrape,2935.0,
archivy/archivy,https://github.com/archivy/archivy,2936.0,
facebookarchive/python-instagram,https://github.com/facebookarchive/python-instagram,2936.0,
openrazer/openrazer,https://github.com/openrazer/openrazer,2938.0,
golemfactory/clay,https://github.com/golemfactory/clay,2941.0,
praw-dev/praw,https://github.com/praw-dev/praw,2954.0,
joestump/python-oauth2,https://github.com/joestump/python-oauth2,2959.0,
miso-belica/sumy,https://github.com/miso-belica/sumy,2972.0,
vispy/vispy,https://github.com/vispy/vispy,2976.0,
what-studio/profiling,https://github.com/what-studio/profiling,2979.0,
joblib/joblib,https://github.com/joblib/joblib,2982.0,
nyaadevs/nyaa,https://github.com/nyaadevs/nyaa,2988.0,
metabrainz/picard,https://github.com/metabrainz/picard,2996.0,
life4/textdistance,https://github.com/life4/textdistance,2999.0,
FactoryBoy/factory_boy,https://github.com/FactoryBoy/factory_boy,3000.0,
tartley/colorama,https://github.com/tartley/colorama,3001.0,
brennerm/PyTricks,https://github.com/brennerm/PyTricks,3002.0,
antiboredom/videogrep,https://github.com/antiboredom/videogrep,3009.0,
0rpc/zerorpc-python,https://github.com/0rpc/zerorpc-python,3019.0,
neuml/txtai,https://github.com/neuml/txtai,3020.0,
kernc/backtesting.py,https://github.com/kernc/backtesting.py,3025.0,
pyqtgraph/pyqtgraph,https://github.com/pyqtgraph/pyqtgraph,3027.0,
benfred/implicit,https://github.com/benfred/implicit,3029.0,
OpenShot/openshot-qt,https://github.com/OpenShot/openshot-qt,3046.0,
cysmith/neural-style-tf,https://github.com/cysmith/neural-style-tf,3048.0,
thearn/webcam-pulse-detector,https://github.com/thearn/webcam-pulse-detector,3048.0,
confluentinc/confluent-kafka-python,https://github.com/confluentinc/confluent-kafka-python,3052.0,
Python-Markdown/markdown,https://github.com/Python-Markdown/markdown,3068.0,
secretsquirrel/the-backdoor-factory,https://github.com/secretsquirrel/the-backdoor-factory,3068.0,
guohongze/adminset,https://github.com/guohongze/adminset,3073.0,
ponyorm/pony,https://github.com/ponyorm/pony,3073.0,
leon-thomm/Ryven,https://github.com/leon-thomm/Ryven,3083.0,
pyrogram/pyrogram,https://github.com/pyrogram/pyrogram,3084.0,
pypi/warehouse,https://github.com/pypi/warehouse,3088.0,
pika/pika,https://github.com/pika/pika,3092.0,
prometheus/client_python,https://github.com/prometheus/client_python,3115.0,
websocket-client/websocket-client,https://github.com/websocket-client/websocket-client,3126.0,
RhinoSecurityLabs/pacu,https://github.com/RhinoSecurityLabs/pacu,3137.0,
miguelgrinberg/python-socketio,https://github.com/miguelgrinberg/python-socketio,3140.0,
erikbern/ann-benchmarks,https://github.com/erikbern/ann-benchmarks,3142.0,
aiortc/aiortc,https://github.com/aiortc/aiortc,3143.0,
wookayin/gpustat,https://github.com/wookayin/gpustat,3144.0,
eon01/kubernetes-workshop,https://github.com/eon01/kubernetes-workshop,3154.0,
jpadilla/django-rest-framework-jwt,https://github.com/jpadilla/django-rest-framework-jwt,3155.0,
encode/databases,https://github.com/encode/databases,3175.0,
rawpython/remi,https://github.com/rawpython/remi,3175.0,
peterbrittain/asciimatics,https://github.com/peterbrittain/asciimatics,3186.0,
motioneye-project/motioneye,https://github.com/motioneye-project/motioneye,3189.0,
awslabs/gluonts,https://github.com/awslabs/gluonts,3191.0,
skulpt/skulpt,https://github.com/skulpt/skulpt,3195.0,
ssut/py-googletrans,https://github.com/ssut/py-googletrans,3198.0,
hudson-and-thames/mlfinlab,https://github.com/hudson-and-thames/mlfinlab,3199.0,
feeluown/FeelUOwn,https://github.com/feeluown/FeelUOwn,3203.0,
boppreh/keyboard,https://github.com/boppreh/keyboard,3204.0,
urllib3/urllib3,https://github.com/urllib3/urllib3,3209.0,
hamuchiwa/AutoRCCar,https://github.com/hamuchiwa/AutoRCCar,3211.0,
sloria/doitlive,https://github.com/sloria/doitlive,3215.0,
zeromq/pyzmq,https://github.com/zeromq/pyzmq,3219.0,
tensorflow/hub,https://github.com/tensorflow/hub,3220.0,
huashengdun/webssh,https://github.com/huashengdun/webssh,3220.0,
r0x0r/pywebview,https://github.com/r0x0r/pywebview,3220.0,
trailofbits/manticore,https://github.com/trailofbits/manticore,3228.0,
spotify/chartify,https://github.com/spotify/chartify,3235.0,
aws/aws-sdk-pandas,https://github.com/aws/aws-sdk-pandas,3237.0,
novnc/websockify,https://github.com/novnc/websockify,3241.0,
aziz/PlainTasks,https://github.com/aziz/PlainTasks,3259.0,
wechatpy/wechatpy,https://github.com/wechatpy/wechatpy,3263.0,
has2k1/plotnine,https://github.com/has2k1/plotnine,3264.0,
WeblateOrg/weblate,https://github.com/WeblateOrg/weblate,3265.0,
tortoise/tortoise-orm,https://github.com/tortoise/tortoise-orm,3266.0,
beeware/toga,https://github.com/beeware/toga,3301.0,
h2oai/wave,https://github.com/h2oai/wave,3307.0,
gaojiuli/toapi,https://github.com/gaojiuli/toapi,3337.0,
pypa/hatch,https://github.com/pypa/hatch,3342.0,
python-openxml/python-docx,https://github.com/python-openxml/python-docx,3349.0,
rspeer/python-ftfy,https://github.com/rspeer/python-ftfy,3368.0,
ResidentMario/missingno,https://github.com/ResidentMario/missingno,3381.0,
slackapi/python-slack-sdk,https://github.com/slackapi/python-slack-sdk,3499.0,
je-suis-tm/quant-trading,https://github.com/je-suis-tm/quant-trading,3528.0,
tmux-python/tmuxp,https://github.com/tmux-python/tmuxp,3540.0,
commixproject/commix,https://github.com/commixproject/commix,3560.0,
taoufik07/responder,https://github.com/taoufik07/responder,3565.0,
rkern/line_profiler,https://github.com/rkern/line_profiler,3596.0,
astropy/astropy,https://github.com/astropy/astropy,3600.0,
quantumlib/Cirq,https://github.com/quantumlib/Cirq,3602.0,
aaPanel/BaoTa,https://github.com/aaPanel/BaoTa,3609.0,
ckan/ckan,https://github.com/ckan/ckan,3613.0,
evhub/coconut,https://github.com/evhub/coconut,3621.0,
yhat/ggpy,https://github.com/yhat/ggpy,3637.0,
imWildCat/scylla,https://github.com/imWildCat/scylla,3638.0,
searxng/searxng,https://github.com/searxng/searxng,3654.0,
pythonprofilers/memory_profiler,https://github.com/pythonprofilers/memory_profiler,3667.0,
drathier/stack-overflow-import,https://github.com/drathier/stack-overflow-import,3668.0,
vitalik/django-ninja,https://github.com/vitalik/django-ninja,3718.0,
mongodb/mongo-python-driver,https://github.com/mongodb/mongo-python-driver,3728.0,
Baekalfen/PyBoy,https://github.com/Baekalfen/PyBoy,3735.0,
qtile/qtile,https://github.com/qtile/qtile,3738.0,
pyinvoke/invoke,https://github.com/pyinvoke/invoke,3749.0,
Sentdex/pygta5,https://github.com/Sentdex/pygta5,3751.0,
geopy/geopy,https://github.com/geopy/geopy,3819.0,
jamalex/notion-py,https://github.com/jamalex/notion-py,3874.0,
MongoEngine/mongoengine,https://github.com/MongoEngine/mongoengine,3905.0,
python-attrs/attrs,https://github.com/python-attrs/attrs,4535.0,
madmaze/pytesseract,https://github.com/madmaze/pytesseract,4540.0,
gregmalcolm/python_koans,https://github.com/gregmalcolm/python_koans,4617.0,
cloudtools/troposphere,https://github.com/cloudtools/troposphere,4783.0,
sammchardy/python-binance,https://github.com/sammchardy/python-binance,4960.0,
longld/peda,https://github.com/longld/peda,5261.0,
theskumar/python-dotenv,https://github.com/theskumar/python-dotenv,5463.0,
shmilylty/OneForAll,https://github.com/shmilylty/OneForAll,5708.0,
kellyjonbrazil/jc,https://github.com/kellyjonbrazil/jc,5724.0,
MagicStack/asyncpg,https://github.com/MagicStack/asyncpg,5737.0,
webpy/webpy,https://github.com/webpy/webpy,5750.0,
chainer/chainer,https://github.com/chainer/chainer,5751.0,
k4yt3x/video2x,https://github.com/k4yt3x/video2x,5756.0,
pythonstock/stock,https://github.com/pythonstock/stock,5832.0,
snare/voltron,https://github.com/snare/voltron,5839.0,
domlysz/BlenderGIS,https://github.com/domlysz/BlenderGIS,5841.0,
donnemartin/dev-setup,https://github.com/donnemartin/dev-setup,5846.0,
gevent/gevent,https://github.com/gevent/gevent,5851.0,
Shougo/deoplete.nvim,https://github.com/Shougo/deoplete.nvim,5853.0,
brython-dev/brython,https://github.com/brython-dev/brython,5883.0,
encode/uvicorn,https://github.com/encode/uvicorn,5917.0,
shadowsocksr-backup/shadowsocksr,https://github.com/shadowsocksr-backup/shadowsocksr,5935.0,
worldveil/dejavu,https://github.com/worldveil/dejavu,5937.0,
b-ryan/powerline-shell,https://github.com/b-ryan/powerline-shell,5956.0,
isnowfy/snownlp,https://github.com/isnowfy/snownlp,5960.0,
dagster-io/dagster,https://github.com/dagster-io/dagster,5967.0,
mahmoud/boltons,https://github.com/mahmoud/boltons,5968.0,
lutris/lutris,https://github.com/lutris/lutris,5976.0,
python-visualization/folium,https://github.com/python-visualization/folium,6003.0,
1adrianb/face-alignment,https://github.com/1adrianb/face-alignment,6009.0,
lining0806/PythonSpiderNotes,https://github.com/lining0806/PythonSpiderNotes,6015.0,
lancopku/pkuseg-python,https://github.com/lancopku/pkuseg-python,6026.0,
spesmilo/electrum,https://github.com/spesmilo/electrum,6040.0,
MycroftAI/mycroft-core,https://github.com/MycroftAI/mycroft-core,6061.0,
nl8590687/ASRT_SpeechRecognition,https://github.com/nl8590687/ASRT_SpeechRecognition,6063.0,
googleapis/google-api-python-client,https://github.com/googleapis/google-api-python-client,6134.0,
aws/aws-sam-cli,https://github.com/aws/aws-sam-cli,6151.0,
saulpw/visidata,https://github.com/saulpw/visidata,6164.0,
eternnoir/pyTelegramBotAPI,https://github.com/eternnoir/pyTelegramBotAPI,6314.0,
sqlalchemy/sqlalchemy,https://github.com/sqlalchemy/sqlalchemy,6400.0,
alteryx/featuretools,https://github.com/alteryx/featuretools,6406.0,
robinhood/faust,https://github.com/robinhood/faust,6413.0,
stanfordnlp/stanza,https://github.com/stanfordnlp/stanza,6413.0,
fmfn/BayesianOptimization,https://github.com/fmfn/BayesianOptimization,6430.0,
Jack-Cherish/PythonPark,https://github.com/Jack-Cherish/PythonPark,6468.0,
houtianze/bypy,https://github.com/houtianze/bypy,6600.0,
OctoPrint/OctoPrint,https://github.com/OctoPrint/OctoPrint,7045.0,
luyishisi/Anti-Anti-Spider,https://github.com/luyishisi/Anti-Anti-Spider,7072.0,
tensorlayer/TensorLayer,https://github.com/tensorlayer/TensorLayer,7118.0,
PyMySQL/PyMySQL,https://github.com/PyMySQL/PyMySQL,7130.0,
gelstudios/gitfiti,https://github.com/gelstudios/gitfiti,7138.0,
lbryio/lbry-sdk,https://github.com/lbryio/lbry-sdk,7160.0,
pymc-devs/pymc,https://github.com/pymc-devs/pymc,7172.0,
LonamiWebs/Telethon,https://github.com/LonamiWebs/Telethon,7181.0,
coqui-ai/TTS,https://github.com/coqui-ai/TTS,7210.0,
kivy/python-for-android,https://github.com/kivy/python-for-android,7219.0,
optuna/optuna,https://github.com/optuna/optuna,7254.0,
a1studmuffin/SpaceshipGenerator,https://github.com/a1studmuffin/SpaceshipGenerator,7272.0,
jofpin/trape,https://github.com/jofpin/trape,7272.0,
spyder-ide/spyder,https://github.com/spyder-ide/spyder,7288.0,
donnemartin/gitsome,https://github.com/donnemartin/gitsome,7334.0,
readthedocs/readthedocs.org,https://github.com/readthedocs/readthedocs.org,7336.0,
n1nj4sec/pupy,https://github.com/n1nj4sec/pupy,7354.0,
OlafenwaMoses/ImageAI,https://github.com/OlafenwaMoses/ImageAI,7365.0,
vaexio/vaex,https://github.com/vaexio/vaex,7426.0,
seemoo-lab/opendrop,https://github.com/seemoo-lab/opendrop,7450.0,
crazyguitar/pysheeet,https://github.com/crazyguitar/pysheeet,7473.0,
asweigart/pyautogui,https://github.com/asweigart/pyautogui,7474.0,
graphql-python/graphene,https://github.com/graphql-python/graphene,7482.0,
cython/cython,https://github.com/cython/cython,7494.0,
danielgatis/rembg,https://github.com/danielgatis/rembg,7528.0,
mopidy/mopidy,https://github.com/mopidy/mopidy,7552.0,
kkroening/ffmpeg-python,https://github.com/kkroening/ffmpeg-python,7584.0,
soxoj/maigret,https://github.com/soxoj/maigret,7597.0,
robotframework/robotframework,https://github.com/robotframework/robotframework,7602.0,
microsoft/playwright-python,https://github.com/microsoft/playwright-python,7613.0,
encode/starlette,https://github.com/encode/starlette,7645.0,
fail2ban/fail2ban,https://github.com/fail2ban/fail2ban,7689.0,
pyro-ppl/pyro,https://github.com/pyro-ppl/pyro,7694.0,
laramies/theHarvester,https://github.com/laramies/theHarvester,7695.0,
docopt/docopt,https://github.com/docopt/docopt,7706.0,
boto/boto3,https://github.com/boto/boto3,7747.0,
unifyai/ivy,https://github.com/unifyai/ivy,7773.0,
ocrmypdf/OCRmyPDF,https://github.com/ocrmypdf/OCRmyPDF,7800.0,
rbgirshick/py-faster-rcnn,https://github.com/rbgirshick/py-faster-rcnn,7808.0,
Nuitka/Nuitka,https://github.com/Nuitka/Nuitka,7810.0,
pytube/pytube,https://github.com/pytube/pytube,7815.0,
bottlepy/bottle,https://github.com/bottlepy/bottle,7816.0,
kedro-org/kedro,https://github.com/kedro-org/kedro,7865.0,
altair-viz/altair,https://github.com/altair-viz/altair,7910.0,
miguelgrinberg/flasky,https://github.com/miguelgrinberg/flasky,7960.0,
statsmodels/statsmodels,https://github.com/statsmodels/statsmodels,7963.0,
wangshub/Douyin-Bot,https://github.com/wangshub/Douyin-Bot,7978.0,
paramiko/paramiko,https://github.com/paramiko/paramiko,8009.0,
ranaroussi/yfinance,https://github.com/ranaroussi/yfinance,8023.0,
modin-project/modin,https://github.com/modin-project/modin,8112.0,
Manisso/fsociety,https://github.com/Manisso/fsociety,8142.0,
arrow-py/arrow,https://github.com/arrow-py/arrow,8146.0,
clips/pattern,https://github.com/clips/pattern,8352.0,
sloria/TextBlob,https://github.com/sloria/TextBlob,8372.0,
pypa/pip,https://github.com/pypa/pip,8389.0,
httpie/http-prompt,https://github.com/httpie/http-prompt,8603.0,
MrS0m30n3/youtube-dl-gui,https://github.com/MrS0m30n3/youtube-dl-gui,8633.0,
rq/rq,https://github.com/rq/rq,8637.0,
ludwig-ai/ludwig,https://github.com/ludwig-ai/ludwig,8644.0,
benoitc/gunicorn,https://github.com/benoitc/gunicorn,8658.0,
keras-team/autokeras,https://github.com/keras-team/autokeras,8668.0,
seatgeek/fuzzywuzzy,https://github.com/seatgeek/fuzzywuzzy,8776.0,
borgbackup/borg,https://github.com/borgbackup/borg,8846.0,
jopohl/urh,https://github.com/jopohl/urh,8898.0,
giampaolo/psutil,https://github.com/giampaolo/psutil,8903.0,
pallets/jinja,https://github.com/pallets/jinja,8914.0,
falconry/falcon,https://github.com/falconry/falcon,8960.0,
cyrus-and/gdb-dashboard,https://github.com/cyrus-and/gdb-dashboard,8984.0,
tiangolo/sqlmodel,https://github.com/tiangolo/sqlmodel,9010.0,
django-cms/django-cms,https://github.com/django-cms/django-cms,9031.0,
amueller/word_cloud,https://github.com/amueller/word_cloud,9138.0,
s0md3v/Photon,https://github.com/s0md3v/Photon,9184.0,
pre-commit/pre-commit,https://github.com/pre-commit/pre-commit,9281.0,
tweepy/tweepy,https://github.com/tweepy/tweepy,9326.0,
aws/chalice,https://github.com/aws/chalice,9330.0,
pyodide/pyodide,https://github.com/pyodide/pyodide,9365.0,
x-hw/amazing-qr,https://github.com/x-hw/amazing-qr,9403.0,
bloomberg/memray,https://github.com/bloomberg/memray,9640.0,
dbader/schedule,https://github.com/dbader/schedule,10293.0,
python-pillow/Pillow,https://github.com/python-pillow/Pillow,10345.0,
iterative/dvc,https://github.com/iterative/dvc,10734.0,
dbcli/pgcli,https://github.com/dbcli/pgcli,10778.0,
dmlc/dgl,https://github.com/dmlc/dgl,10805.0,
PySimpleGUI/PySimpleGUI,https://github.com/PySimpleGUI/PySimpleGUI,10901.0,
Chia-Network/chia-blockchain,https://github.com/Chia-Network/chia-blockchain,10951.0,
redis/redis-py,https://github.com/redis/redis-py,10968.0,
kitao/pyxel,https://github.com/kitao/pyxel,11014.0,
Ciphey/Ciphey,https://github.com/Ciphey/Ciphey,11024.0,
wistbean/learn_python3_spider,https://github.com/wistbean/learn_python3_spider,11246.0,
albumentations-team/albumentations,https://github.com/albumentations-team/albumentations,11261.0,
nltk/nltk,https://github.com/nltk/nltk,11280.0,
beetbox/beets,https://github.com/beetbox/beets,11289.0,
postmanlabs/httpbin,https://github.com/postmanlabs/httpbin,11297.0,
wifiphisher/wifiphisher,https://github.com/wifiphisher/wifiphisher,11300.0,
allenai/allennlp,https://github.com/allenai/allennlp,11314.0,
SFTtech/openage,https://github.com/SFTtech/openage,11386.0,
meolu/walle-web,https://github.com/meolu/walle-web,11562.0,
netbox-community/netbox,https://github.com/netbox-community/netbox,11582.0,
ansible/awx,https://github.com/ansible/awx,11648.0,
pydantic/pydantic,https://github.com/pydantic/pydantic,11823.0,
waditu/tushare,https://github.com/waditu/tushare,11852.0,
Rapptz/discord.py,https://github.com/Rapptz/discord.py,11853.0,
Miserlou/Zappa,https://github.com/Miserlou/Zappa,11888.0,
networkx/networkx,https://github.com/networkx/networkx,11908.0,
ManimCommunity/manim,https://github.com/ManimCommunity/manim,12151.0,
searx/searx,https://github.com/searx/searx,12277.0,
microsoft/nni,https://github.com/microsoft/nni,12281.0,
codelucas/newspaper,https://github.com/codelucas/newspaper,12288.0,
frappe/erpnext,https://github.com/frappe/erpnext,12314.0,
sivel/speedtest-cli,https://github.com/sivel/speedtest-cli,12393.0,
plotly/plotly.py,https://github.com/plotly/plotly.py,12550.0,
gunthercox/ChatterBot,https://github.com/gunthercox/ChatterBot,12695.0,
psf/requests-html,https://github.com/psf/requests-html,12826.0,
saltstack/salt,https://github.com/saltstack/salt,12888.0,
google/yapf,https://github.com/google/yapf,12938.0,
pyecharts/pyecharts,https://github.com/pyecharts/pyecharts,13000.0,
aio-libs/aiohttp,https://github.com/aio-libs/aiohttp,13074.0,
pallets/click,https://github.com/pallets/click,13243.0,
Delgan/loguru,https://github.com/Delgan/loguru,13494.0,
powerline/powerline,https://github.com/powerline/powerline,13605.0,
fabric/fabric,https://github.com/fabric/fabric,13743.0,
wangshub/wechat_jump_game,https://github.com/wangshub/wechat_jump_game,13866.0,
kovidgoyal/calibre,https://github.com/kovidgoyal/calibre,13878.0,
twintproject/twint,https://github.com/twintproject/twint,14136.0,
python/mypy,https://github.com/python/mypy,14271.0,
wting/autojump,https://github.com/wting/autojump,14421.0,
microsoft/recommenders,https://github.com/microsoft/recommenders,14622.0,
ArchiveBox/ArchiveBox,https://github.com/ArchiveBox/ArchiveBox,14653.0,
InstaPy/InstaPy,https://github.com/InstaPy/InstaPy,14833.0,
pyscript/pyscript,https://github.com/pyscript/pyscript,15033.0,
joke2k/faker,https://github.com/joke2k/faker,15127.0,
facebook/prophet,https://github.com/facebook/prophet,15234.0,
kivy/kivy,https://github.com/kivy/kivy,15259.0,
alievk/avatarify-python,https://github.com/alievk/avatarify-python,15279.0,
cool-RR/PySnooper,https://github.com/cool-RR/PySnooper,15389.0,
mkdocs/mkdocs,https://github.com/mkdocs/mkdocs,15422.0,
Jack-Cherish/python-spider,https://github.com/Jack-Cherish/python-spider,15552.0,
ipython/ipython,https://github.com/ipython/ipython,15603.0,
quantopian/zipline,https://github.com/quantopian/zipline,15615.0,
binux/pyspider,https://github.com/binux/pyspider,15668.0,
spotify/luigi,https://github.com/spotify/luigi,16171.0,
Textualize/textual,https://github.com/Textualize/textual,16302.0,
JaidedAI/EasyOCR,https://github.com/JaidedAI/EasyOCR,16438.0,
matplotlib/matplotlib,https://github.com/matplotlib/matplotlib,16501.0,
jhao104/proxy_pool,https://github.com/jhao104/proxy_pool,16644.0,
sanic-org/sanic,https://github.com/sanic-org/sanic,16658.0,
zulip/zulip,https://github.com/zulip/zulip,16834.0,
AtsushiSakai/PythonRobotics,https://github.com/AtsushiSakai/PythonRobotics,16899.0,
chriskiehl/Gooey,https://github.com/chriskiehl/Gooey,16929.0,
bokeh/bokeh,https://github.com/bokeh/bokeh,16960.0,
saleor/saleor,https://github.com/saleor/saleor,17570.0,
plotly/dash,https://github.com/plotly/dash,17740.0,
vnpy/vnpy,https://github.com/vnpy/vnpy,19581.0,
Lightning-AI/lightning,https://github.com/Lightning-AI/lightning,20838.0,
tornadoweb/tornado,https://github.com/tornadoweb/tornado,20884.0,
deezer/spleeter,https://github.com/deezer/spleeter,20944.0,
google/jax,https://github.com/google/jax,21068.0,
streamlit/streamlit,https://github.com/streamlit/streamlit,21673.0,
nicolargo/glances,https://github.com/nicolargo/glances,21859.0,
numpy/numpy,https://github.com/numpy/numpy,22122.0,
getredash/redash,https://github.com/getredash/redash,22258.0,
python-poetry/poetry,https://github.com/python-poetry/poetry,22808.0,
ray-project/ray,https://github.com/ray-project/ray,22937.0,
google/python-fire,https://github.com/google/python-fire,23421.0,
tqdm/tqdm,https://github.com/tqdm/tqdm,23474.0,
pypa/pipenv,https://github.com/pypa/pipenv,23487.0,
encode/django-rest-framework,https://github.com/encode/django-rest-framework,24585.0,
explosion/spaCy,https://github.com/explosion/spaCy,24705.0,
httpie/httpie,https://github.com/httpie/httpie,25066.0,
sqlmapproject/sqlmap,https://github.com/sqlmapproject/sqlmap,25436.0,
apache/airflow,https://github.com/apache/airflow,28350.0,
mitmproxy/mitmproxy,https://github.com/mitmproxy/mitmproxy,29460.0,
certbot/certbot,https://github.com/certbot/certbot,29467.0,
psf/black,https://github.com/psf/black,30365.0,
getsentry/sentry,https://github.com/getsentry/sentry,32722.0,
yt-dlp/yt-dlp,https://github.com/yt-dlp/yt-dlp,35839.0,
pandas-dev/pandas,https://github.com/pandas-dev/pandas,36149.0,
sherlock-project/sherlock,https://github.com/sherlock-project/sherlock,37596.0,
CorentinJ/Real-Time-Voice-Cloning,https://github.com/CorentinJ/Real-Time-Voice-Cloning,38085.0,
Textualize/rich,https://github.com/Textualize/rich,40953.0,
localstack/localstack,https://github.com/localstack/localstack,45035.0,
scrapy/scrapy,https://github.com/scrapy/scrapy,45281.0,
ageitgey/face_recognition,https://github.com/ageitgey/face_recognition,46674.0,
3b1b/manim,https://github.com/3b1b/manim,48492.0,
python/cpython,https://github.com/python/cpython,49302.0,
tiangolo/fastapi,https://github.com/tiangolo/fastapi,52187.0,
scikit-learn/scikit-learn,https://github.com/scikit-learn/scikit-learn,52238.0,
ansible/ansible,https://github.com/ansible/ansible,55640.0,
home-assistant/core,https://github.com/home-assistant/core,56427.0,
keras-team/keras,https://github.com/keras-team/keras,56772.0,
pallets/flask,https://github.com/pallets/flask,61243.0,
huggingface/transformers,https://github.com/huggingface/transformers,75397.0,
